nomor,message
050324,njir lanange mok 3 tok
050324, media omitted
050324,inpo daftar e dong
050324,daftar opo
050324,daftar opo meneh
050324,iyo wis tak lebok ne
050324,fathurrobbany
050324,al minta link
050324,pklpp.ums.ac.iddashboard
050324,maksud pra kui opo ya
060324,doc20240306wa0006. file attached
060324,opo kui
060324,baca aja
060324,terlalu banyak malas baca
060324,y
060324,hadehh
060324,stk20240303wa0004.webp file attached
060324,stk20230828wa0002.webp file attached
060324,stk20240301wa0033.webp file attached
060324,stk20240306wa0007.webp file attached
060324,stk20240109wa0006.webp file attached
060324,stk20240124wa0012.webp file attached
060324,pklpp ne bar uts ya?
060324,stk20231218wa0016.webp file attached
060324,stk20240128wa0001.webp file attached
060324,stk20240306wa0009.webp file attached
060324,stk20240306wa0010.webp file attached
060324,stk20240306wa0011.webp file attached
060324,stk20240306wa0012.webp file attached
060324,makasih lo sticker e
060324,stk20231120wa0016.webp file attached
060324,aowkwkwk
060324,iki yg bikin sopo
060324,dari link yang kamu kirim maren2 lo
060324,ouhhh
220324,eh rek mau tanya dong ini kira2 pkl e kapan mulaine ya? soal e aku liat ilkom udah mulai gerak ke ranting2 soal e
220324,hooh i
220324,mulai ramadhan itu udah bisa
220324,moso sehh
220324,katane abis lebaran?
220324,dosennya pernah bilang kalo bulan ramadhan bisa jadi momentum buat kita meramaikan
220324,eh gatau deng
220324,lah yo
220324,lah nek lebaran udah mulai bisa i kapan tepat e?
220324,oalah
220324,mepet sing mau mudik
220324,ketuanya 6282147205734 ya
220324,ojo mepet mepet pas mudik wehh
220324,mari uts ae sisan
220324,ga harus rutin 1 minggu an gitu. bisa ke sana buat survey dulu nanya² trs nanti bisa dimasukin ke laporan kan
220324,ya boleh
220324,iyoo
220324,rutin kalo kita udh punya tempat e
220324,terus pada mau semua gak?
220324,siapp
220324,ya gak papa semua aja
220324,pada mau gaa?
220324,tp tergantung kesepatan bersama saja
220324,kita aja blm rapat
220324,hubungi dosennya dulu ga sih? takut e lek kita langsung gerak tanpa izin kek gimana gitu
220324,jawab guyss
220324,aku ngikut kesepakatan
220324,setujuu
220324,kapan?
220324,kita rapat dulu ae sambil diskusi sama ibuk e dulu jangan langsung gerak takut e kenapa2
220324,bukane tempat e dah ditentuin ya
220324,iya emang udah ditentuin tapi tepat e gimana masih belom paham ini
220324,makanya di rembug dulu
220324,manut
220324,mau rembug an kapan?
220324,pas kuliah biar sekalian pada ada wujudnya
220324,ok
220324,oke
220324,stk20240104wa0029.webp file attached
220324,iyohh
220324,iki bahas opo sih
220324,scroll aja al
220324,pkl
220324,scroll wae
220324,aku lagi main kii
220324,jelasno 6285713550614
220324,hadehh
220324,aku juga mau pulang tgl 5
220324,dino aja dia pinter ngomong
220324,lah gak km aja to?
220324,opo rek aku
220324,koe ae wes fiks koe ketuane
220324,jadi iki bahas survei tempat to
220324,iyohh
220324,6282147205734 pak ketu gimana mau survei kapan
220324,minggu
220324,rapat dulu pakk ga langsung survey survey
220324,pak ketu sudah berbicara tidak boleh membantah
220324,mbuh
220324,jgn ngambek 6281393687161
220324,gpp ngambek kan ada alja
220324,kiwkiwkiw
220324,wkwkwkwk
220324,stk20240114wa0009.webp file attached
220324,bsok pas matkul kemuh langsung konsul sm ibuknya aja gimana
220324,hayolooo 6282147205734  si 6281393687161 ngambek
220324,hayolo
220324,ngambek lo
220324,he em gitu
220324,stk20240322wa0051.webp file attached
220324,gpp nggun nanti di bonceng alja
220324,stk20240118wa0005.webp file attached
280324,jangan lupa nanti ditanyakan ya biar ga abu²
030524,kapan ki pkl e
030524,ga tahu la kapan to mulaine?
030524,setelah kelompok fix itu udh bisa mulai sebener e
030524,tapi kita nunda karena puasa
030524,ya udah kalo di liat dari situ kita udah molor 2 bulan berarti
030524,terus katanya mbak kating juga kalo mau pkl langsung aja kan nah kita mau survey dulu kapan terus prosedur w gimana? masa langsung tiba² datang kesana tanoa ngabarin dulu?
030524,aku nanya kelompok sebelah katanya udh survei tapi baru satu orang aja blm sekelompok ikut
030524,survei nya ke balai desa kan bilang kalo dari mahasiswa ums fakultas fki bla bla mau survei ttg bla bla bla di tempat....
030524,usahakan 1 kelompok sih nek bisa biar tahu semua ga jagain beberapa anak doang tapi kalo misal kepepet ga bisa yaudah gpp
030524,pokoknya izin dulu ke yg punya desa
030524,ya ke kadeslurah nya berarti
030524,gini ae mending kalau bisa minggu² ini deh survey biar gak molor² waktu soal e kita juga harus mikir nanti mau ngapain kan
030524,trs kita ke tempatnya misal sekolah gitu trs kita negosiasi sama guru disana mau buat agenda apa gitu
030524,la meh survei kpn?
030524,senin ae
030524,usahakan minggu² besok itu biar ga molor²
030524,minggu ini brt sabtu minggu?
030524,soal e belum mikirin mau buat apa juga kan
030524,sabtu minggu balai deso prei
030524,minggu depan nek bisa pas hari kerja
030524,jangan jumat soal e biasa setengah hari tok
030524,kalo senin aku jam 1 ada kuliah
030524,tentukne tanggal ae
030524,pagi kalik yo
030524,yo sama weh
030524,kalian cowo² salah satu jadi ketua kelompoknya ya
030524,katanya si alja
030524,ridho ga arek e ?
030524,6282147205734 kamu ikhlas jadi ketua ga?
030524,la opo aldino ketua ne
030524,poll
,yaudah kita vote aja ketua ppkl
030524,siapa aja sih aku
030524,yaudah kita viting aja
030524,stk20240312wa0019.webp file attached
030524,nek gak anggun yo gpp ya nggun
030524,tak bisa dongg
030524,mohhhh
030524,bisa lah
030524,apelah kau ini raju
030524,pas survey ketua kelompok wajib ikut ya
030524,buat mewakili kita nembung katakata ke kadeslurah atau siapa lah
030524,stk20240503wa0001.webp file attached
030524,eh guys² kita kan masih rencana mau ke tempat e itu hari senin kan kalo jadi mending hubungi sana ne dulu deh besok atau lusa takut e pas kesana lagi ada repot kan gaenak
030524,ngehubungi siapa?
030524,perangkat desanya mbak
030524,tau nomernya dari mana?
030524,bisa lewat website bee nek ada
030524,kita di desa gagak sipat kan
030524,ho o
030524,sambil yang lain tanya² kating deh buat yang ditanyain ke perangkat desa tu apa aja
030524,media omitted
030524,yaudah besok kan libur harus e tadi sih nek nge hubungi tapi gpp jangan senin kesana nya senin besok buat nge hubungi pihak sana terus to kita ngajuinnya rabu atau enggak sana bisanya kapan gitu
030524,uhuk uhuk
060524,survei jadinya kapan?
,rabu sabtu uts prak
060524,kamis jumat minggu?
060524,kapan?
060524,di polling aja biar pada milih
060524,poll
060524,tak tunggu sampai jam 8
060524,62881027503020 62895364907264 6282234423727 6282228293243 6282220779977 6282134657795 6285713550614 6282147205734 6282223543586
060524,meh rame survey ne?
060524,iyo
060524,diusahakan datang semua tapi kalo enggak ya yang bisa aja
060524,nek kamis brati bar prak jarkom?
060524,kamis libur kan
060524,tgl merah
060524,kamis jumat tanggal merah
060524,eh oiyo deng wkw
060524,okei
060524,iki survei ne neng perangkat desa?nek perangkat desa hari libur kan libur yoan biasanya nek libur yo tdk bisa izin nek meh pkl neng tempat e kui
060524,perangkat desa i kyk wong dinas dadi ojo golek hari libur
060524,lha iyo kan
060524,hoo juga
060524,kita survey itu sambil namu silaturahmi cari waktu beliau nya longgar soal e kalo hari kerja kita tanya² waktunya singkat karena kades juga harus kerja ini sepengalaman ku aja soal e sering nyari buat nemuin kades aku kalo di rumah
060524,lha ws di wa ni rung?
060524,atau gini aja deh ni kan senin kebetulan longgar kan nah yang cowo² tu coba jalan² muter² daerah sana deh sambil liat² kira² ada apa aja gitu
060524,udah tapi blm dibales
060524,wis cmn durung di bales
060524,yowes nunggu dibales sek tekok beliau longgar e dino opo
060524,iyo emang this message was edited
060524,ojo adw sng memutuskan tapi kono
060524,kita cuma ngajukan nek misal beliau ne longgar hari lain yo gpo kita ngikut aja
060524,iyoo
060524,iyohh siapp
060524,62881027503020 6282147205734 62895364907264
060524,gbs aku
060524,ga harus sekarang tapi ini kan mumpung masih ada waktu sebelum dijawab sama sana nya minta kapan gitu lo
060524,itu cuma saran hari ini mumpung longgar tok nek bisa kesana
060524,ca
060524,ketok e ko disawang desa ne lumayan maju deh mau pkl apaan nanti kira² guys?
060524,aku ng ngawi
060524,seloso wae leh survei
060524,media omitted
,desane wae nganut nu
060524,boleh
060524,yang nge hubungi perangkat desa gagak sipat udah ada respon belom dari sana?
060524,belom
060524,kalo ga direspon sampai besok survei nya pas hari kerja aja
060524,langsung gitu?
060524,iyaa
060524,ya gpp sih tapi takut e ga sopan ga dikabari dulu
060524,gapapa nanti kan juga ketemu staf stafnya juga
060524,besok?
060524,minggu depan aja
060524,kalo langsung besok blm ada persiapan apa apa
060524,nah yang cowo² mumpung nanti nek longgar kan ada tanggal merah tu atau rabu habis pak helmi bisa coba jalan² atau muter² aja daerah sana sambil liat² gitu
060524,langsung cod ksana aja
060524,guys keknya kita salah tangkap deh
060524,salah tempat gees bkn di kelurahan
060524,ke kantor pra gagak sipat langsung
060524,di kantor pimpinan ranting aisyiyah
060524,kalo dari temn ku fkip gitu langsung ke kantor pra nya
060524,itu disebelah mana?
060524,ga tau. nanya dosen
060524,ya ws besok coba tanya ke bu yeti soal e kalo sekarang takut e udah tidak menerima chat² an mahasiswa
080524,assalamualaikum...
teman², pekan ini teman² sudah mulai kuliah lapangan. silahkan dimulai dg mendatangi tempat kuliah lapangan masing² memperkenalkan diri serta maksud kedatangannya memetakan masalah yg ada di tempat kuliah lapangan dan menjalin kesepahaman dg tempat kuliah lapangan
090524,media omitted
100524,list pertanyaan nek meh rene cuy
100524,alamat pra gagak sipat nya tur
100524,kayaknya bakalan kita deh yg di kasih pertanyaan sama pihak sana
100524,emang soal e tadi temenku anak ilkom bilang gitu
100524,ws iki tok
100524,iki i kantor desa ne gagak sipat udu si?
100524,trs opo meneh menurut mu? this message was edited
100524,pra ne tur
100524,pimpinan ranting aisyiyah
100524,ini mau ke kantor desa dulu apa langsung ke pra nya? soal e info dari temen² yang udah survey beda² soal e
100524,ada yang ke kepala desa dulu ada yang langsung
100524,ng ngerti alamat e mending lgsg pra ne
100524,di surat e itu kan ada tembusan ke pcm sama kepala desa ngemplak to nah itu harus dikasih ke 2 2 nya opo salah satu?
100524,surat pengantarl200220179dyah anggun ratna ningrumrev.pdf file attached
,surat pengantarl200220179dyah anggun ratna ningrumrev.pdf
100524,22 ne
100524,yae
100524,banyak bet
100524,dyah anggun ratna n. _ 12
100524,lha mau ke sana kapan?
100524,brati ng kades e sek baru ng pca ne
100524,kpn kpn gun
100524,iya ke kades nanti diarahin ke pcm terus ke pra baru rtrw gitu
100524,senin nutut ko waktunya asal ga lelet semua aja
100524,seninnya mau berangkat nya jam brp nan?
100524,7 an lah
100524,trs kumpul nya di bagian mana?
100524,7 udah harus berangkat dari ums
100524,wokeii
100524,siapp
100524,usul jam 8 ae
100524,opo set 9 ngono
100524,nk jam 7 adw otw ko kene trs berlin kon otw ko wonogiri jam piro
100524,aku izin nek senin ada acara
100524,jam 8 nek jam 9 kesiangan soal e masih banyak kesana kesini ne aku yo ada matkul jam 1 soal e
100524,aku izin sek lha acara keluargaku minggu ro senin
100524,kan gor jaluk izin to?urg pkl
100524,hoo
100524,belom
100524,okey no izin sek akumeh acara kelurga senin e
100524,soal e kelompok e kita telat banget harus e pas puasa kemarin survey tapi gpp masih ada waktu
100524,kelompok laine seng infor y banyak yg belum og this message was edited
100524,nek ilkom malah udh
100524,nanti lampir ne foto yang hp ne bagus buat foto manti pinjam duluya
100524,iya ilkom udah emang
100524,kira tu pkl sampe tanggal 27 juli nah kita survey dulu nanti baru kegiatan e mo kapan sambil runding dulu
120524,guys aku punya saran kan kita pkl 7x nah itu semisal dibuat 4x ke sana gitu gmn? misal hari 1 itu kita ada 2 materi hari ke 2 ada 2 materi trs buat hari hari terakhir ke 4 itu dibuat final class. kayak dibuat perlombaan gitu.
,tapi buat materi nya apa aku blm kepikiran soal kita blm tau lokasinya mau di sekolahan atau di tempat tpa
120524,saranku kita buat panyk plan aja biar besok pas kita dapat tempat e kita udh ada banyak gambaran. plan nya ga harus yg sempurna bgt gpp penting udh ada gambaran. biar pas besok ditanya sama pihak pra atau sekolah kita bisa ngasih agenda kita mau ngapain aja
120524,bolee
120524,buat temen² yang lain ayo dong tanggap kalo ada kayak gini jangan diem² doang ga mau bantuin ngasih ide atau apalah gitu. plis ini tu tugas bareng² ya kalo ini berhasil juga yang seneng kita semua. jangan cuma nerima apalagi manutmanut aja. kita tu kerja kelompok bukan individu jadi 
120524,iya lebih mempersingkat hari aja
120524,you pinned a message
120524,ayo guyss tanggap di grup ini guys jgn pada diem diem aja
120524,btuulll
120524,benul benul
120524,wait kota juga kuliah lo temen² jadi dipertimbangkan ya kita bisa aja buat mempercepat tapi kita juga ounya tanggung jawab kuliah takut e malah keteteran cuma demi 1 project. kalo aku bagus e bertahap ya 1 minggu 1 pertemuan. pikiran anak sd ga kayak anak kuliahan yang bisa dicepet² in
120524,aku merasa kayak yang berusaha nyiapin apa² tu ko kayak ber 3 atau 4 doang ya yang lain tu ga tahu aku apa kalian ga berusaha bantuin nyari info atau berusaha in ide ide apa gitu. mbisu terus soal e dari awal pembahasan sampe sekarang tu
120524,betull
120524,iya siap  dan juga butuh ke sabarannya juga menghadapi anak sd
120524,kalo dimintain tolong gini pada ga bisa tapi juga ga bantuin apa²
120524,setidaknya ngasih saran atau masukkan sedikit gitu
120524,biar gak keteteran aja dan kita juga msh banyak tanggungan yang lain juga kan
120524,nggih
120524,yaudah
tanggapan, saran atau apapun ditunggu jam 14.00 ya tmn tmn. barangkali lagi pada isoma
120524,iyohh
120524,nek materine apa engga tentang islam gitu to?
120524,disesuikan dengan jurusan e kita kita lan di infor ya biasanya materi nya tik
120524,ada kan anak sd mapel tik 1 jam an biasanya 1 minggu
120524,owalah aku kira karena kita pkl e kemuh trs ngajar nya tentang agama gitu
120524,ada
120524,enggak lah kalo misal kita nya diminta buat ngajarin ngaji ya coba ngasih terobosan ngaji nya berbasis digital gitu pake al quran online
120524,ya udah kek gitu contohnya. nanti kalo misal iya bisa kita mintanya anak sd kelas 1 aja atau kelas dasar banget jangan kelas yang udah atas² soal e biasanya mereka udah ok kalo pegang komputer
120524,rosida
120524,nahh iyaa betul biar ngajar yg basic² nya aja jd lebih gampang
120524,oh ya 6281393687161  kemarin kan surat pengantarnya udah jadi nanti di print 2 atau 3 ya buat jaga² kalau basah  nanti beli map kertas  bening buat nyimpen.
120524,okee
120524,kasih tempat buat pal lurah pcm pca ketua kelompok buat tanda tangan
120524,gimana gimana?
120524,tempat ttd dimana?
120524,tambahin tempat dibawah anggota nya buat tanda tangan
120524,surat pengantarl200220179dyah anggun ratna ningrumrev.pdf file attached
,surat pengantarl200220179dyah anggun ratna ningrumrev.pdf
120524,di suratnya?
120524,iyap
120524,lampiran kan isinya cmn anggota aja
120524,iya katanya temenku itu ditanda tangani buat mengetahui aja
120524,lampiran itu ga pake ttd
120524,asline itu isinya cmn gitu doang kalo download di webnya
120524,kemarin punya anak ilkom di ttd soal e
120524,trs pak lurah pcm pra itu sebagai apa?
120524,sebagai pihak yang mengetahui ada nya kegiatan tersebut
120524,ibarat kita minta izin lah
120524,mengetahui itu buat yg buat kegiatan namanya lppik. yg dapet sura itu ga ttd ini kan surat izin
120524,liat surat e yg anak ilkom dong biar tau gmn format e
120524,oh ya besok kan kumpul di ums kampus 2 ya bawa almet  buat cewe² usahain pake rok dulu terus kita jam 08.00 wib harus udah jalan keluar dari kampus 2  dilarang telat
120524,bentar ini masih tak tanyakan anak ilkom belum dijawab masih centang 1
120524,okee siap
120524,hooh
120524,iya kayak sisi bagian kiri bawah itu  di ksh buat kayak ttd lurah trs yg bagian sisi kanan nya ttd pca atau pcm nya trs baru ttd ketua kelompok nya
120524,iya mba 6281393687161
120524,mang eak
120524,temenku yg ilkom i katane pertama izin e ke pak lurah nah dari pak lurah disarankan ke target pkl e mana this message was edited
120524,pinned a message
120524,ya kan kita emang ke pak lurah dulu terus ke pra nah pra ini kan kita ga tahu alamatnya kan dari bu yeti pun diauruh tanya ke pcm. otomatis kan kita ke pcm dulu
120524,ho o lin kita ke kelurahan nyerahin surat trs ke pcm trs ke pra buat tau lokasi kita pkl nya
120524,mau tanya bsk mau kumpul di feb atau di siwalnya?
120524,di siwal ae agak luas
120524,okei siapp
120524,nggun kamu ketua ya
120524,ga
120524,km aja
120524,atau 62881027503020
120524,stk20240512wa0001.webp file attached
120524,you changed the group description
120524,rek besok bawain 2 bolpoint ya warna biru sama hitam. yang hitam tak bawain sedangkan warna biru nanti bawain ya aku ga punya soale
120524,okeei
120524,aku ada
120524,ok besok bawa ya da
120524,sesok kumpul jam brapa dimana
120524,jam 8 di siwal
120524,ketauan ga baca yo ngunu i
120524,lah yo
120524,telat moco trs o
120524, .
120524, sopo ae seng mangkat
120524,semua kecuali berlin
120524,besok kamu sama alja perwakilan buat ngomong izin ke kadesnya
120524,izine piye
120524,ga enek contekan po
120524,cati di google tanya² temen lah dino moso yo blejet meneng ra usaha moso yo aku anggun dll maneh sing nyiapne opo²
120524,lah yo
120524,maksute izin ameh ngopo
120524,mau pkl kemuhammadiyahan
120524,izin mau pkl
,kata² ne buat sendiri yo
120524,tinggal ngomong ke kadesnya kayak semisal gini perkenalkan nama saya blabla ... saya dari universitas muhammadiyah surakata izin meminta waktunya sebenta blabla izin mengajukan surat izin pengantar dan meminta tolong untuk menandatangin di kertas surat izin pengantar gitu
120524,contohnya kayak gitu
120524,serahkan semuanya kepada 6282147205734
120524,tinggal km jabarin aja
120524,iya sama km juga lah
120524,aku kan cuma jadi pendamping
120524,mbok kira saos po pendamping i
120524,iya setidaknya juga bantuin juga kali gak cmn dampingin aja
120524,kan aku pemain figuran alja mc ne
120524,hadehh
120524,karepmu lah
120524,kan tugase figuran emang dadi pembantu
120524,yaya
120524,aku gaada almet almet ku dirumah
120524,pinjem dulu nad
120524,mo nyari pinjeman aku lagi ada acara finic sampek tengah malem
120524, .
120524, pagi juga belum tentu ada yang bangun too
120524,opo kudu pake almet?
120524,.
120524,pake setiap pkl bawa almet buat identitas
120524,trs nk aku ga bawa?
120524,besok gpp ga bawa soal e masih survey besok pas mulai pkl nya bawa ya
120524,apa mau pake almet e mbakku tp agak beda dikit almet e wkwk
120524, jadi besok ga usah pake almet gpp kan
120524,pake
120524,ukuran apa
120524,katane masih surve ga perlu almet gpp
120524, l
120524, kebesaren
120524,rosida
120524,pake wey kan itu tadi nadia almet e katanya di rumah
120524,almet ku aja ukuran s
120524,nyileh angga kae lo
120524,aku raiso jupuk
120524,aku ssk lgsg lokasi gaikut kumpul kampus
120524,oou
120524,ngopo rek ga iso jupuk
120524,nah iki ae ketuane
120524,terserah nek udah tahu tempat e tapi tunggu bareng² sama temen² ya
120524,suruh bawain alja ae mereka 1 kost an
120524,null
120524,sampek tengah wengi ra rampung ikuu
120524,meh ng balai desa kan?
120524,acara opo kui
120524,iya
120524,desamu to thur?
120524,bkn
120524,kepo
120524,oh kirain desamu
120524,tetangga desamu po?
120524, ngko tak omongne angga kon jemput koe
120524,jauh
120524,sopo jirr
120524,angga
120524,ngene ki mending r melu aku
120524,dibutuhkan kerja sama bukan hanya kerja ketua
120524, tenang ae
120524,meh bareng klompok e candra ora?
120524,mangkat e
120524,ayo
120524,enek dimas
120524,temen² yang udah tak tulis bagian² di deskripsi besok disiapkan masing ² ya terutama dekdok
120524,ngko yen misal memori ku entek nyilih hp ne ya
120524,yang lain kalo misal ada ide taruh sini aja
120524,changed the group name from pklpp to pkl muhammadiyah
130524,iki meh ng balai desa gagak sipat e kan?
130524,iya
130524,surat pengantarl200220179dyah anggun ratna ningrumrev.pdf file attached
,.surat pengantarl200220179dyah anggun ratna ningrumrev.pdf
130524,udah fi print?
130524,loh kemarin tak suruh ngasih tempat buat ttd ga dikasi o?
130524,balai desa ngemplak i to di tembusan r
130524,udh
130524,gagak sipat sek weh
130524,surat i yg ttd cmn pihak 1
130524,coba liat di tembusanne
130524, ngemplak tu kecamatan bukan si?
130524,setauku kecamatan
130524,mosok kapala desa ne ng kecamatan
130524,this message was deleted
130524, this message was deleted
130524,  this message was deleted
130524, bukan kita ke gagak sipat soal e pra ne di gggk sipat
130524,  yoo
130524,  ayooo guyss
130524,  yuk
130524,  yuk
130524,  null
130524,  otw
130524, ayo wehh
130524, stk20240509wa0012.webp file attached
130524, ngenteni 6282147205734 iki lo jek dandan
130524, hadehh
130524, gustii
130524,  stk20240509wa0001.webp file attached
130524, sekalian buat video a day in my life this message was edited
130524,wkwkwkwk
130524, paling dandan sisiran doang gada 5 menit lah
130524,  aku lo dari jam 7.15 disini
130524,  ayo 6 menit lagi
130524,  yuk
130524,  yuk
130524,  otw
130524, yang cewe² dah pada siap belom o? telat tinggal lo
130524,  yuk
130524, pimpinan cabang aisyiyah ngemplak
130524,  habis dhuhur ya karena sy sekarang ada keperluan kira2 dhuhur baru datang alamat kelipan rt 02 rw 07 selatan sdn 1 gagaksipat kira2 300 m kanan jalan ada papan nama pimpinan aisyiyah rt gagaksipat
130524, sdn 1 gagaksipat
130524,  wa.me6285642039440
130524,  pca
130524, ibu dovir pca.vcf file attached
130524,  fathurrobbany
130524,  maaf ya g bisa ikut soale semalem habis pameran selesai jam 1 malem trs tadi jam 8 baru bangun
130524,  location
130524, shareloc guys
130524, 6282147205734 62881027503020 62895364907264
130524,  lgsg lok ae
130524,  ki gone fikri
130524,  rmh e fikri adoh
130524,  ng kene panas jhon kek di oven
130524,  golek o masjid ng kono sek
130524, buat apa ke masjid?
130524,  nak gone fikri kadohan
130524,  leren to
130524,  biasanya aku ke klenteng
130524,  ga ke gereja to
130524, ngopo ora neng greja ae
130524,  beda server kalo ini
130524,  yoh neng gereja kathedra
130524, mending ke vihara
130524,  ke candi
130524,  ra cetho kabeh
130524,  mending do sholat lak nek lok
130524,  kan server mu to yss
130524, lagi ora sholat o
130524,  inpo greja terdekat dong
130524, hemm
130524,  kamu paling server e cak yes
130524, stk20240509wa0012.webp file attached
130524, stk20240305wa0021.webp file attached
130524, stk20240513wa0004.webp file attached
130524,  tanya alja orangnya pendeta di gereja
130524,  yo ora nu
130524, oh pendeta to tapi gereja ku yang ada pastornya
130524, grejanya alja adanya astor
130524,  enek fullo ga?
130524,  suka oreo
130524,chocolatos enek e
130524, ayo otw
130524, helleh sak karepmu lah
130524,  ga suka alja to
130524, ayo otw wehh betah men neng omahe fikri this message was edited
130524, buat apa yoan?
130524, yuk
130524,  ga bisa di goreng
130524,  wkwkwkwk
130524,  buat koleksi nu
130524,  di rebus aja
130524,  tak kick koe ngko
130524, 62881027503020 62895364907264 6282147205734 di mana?
130524, runahnya fikri
130524,  null
130524,  oke
130524, dang ayo astaga
130524,  koe ngd
130524, ng dalem e ibuk e
130524,  aku ng sd
130524,  lurus ngidul enek masjid
130524, hadehh
130524,  koe metu o
130524,  hari ahad 195 2024 pengajian secabang ngemplak bertempat dirt gagaksipat maka dana untuk konsumsi gotong royong berhubung sekarang yg datang pengajian bertambah maka data mohon ditambak dari kelompok maupun pribadi dan disetorkan pas pengajian ranting 
130524,  assalaamualaikum wr wb ibu2 anggota aisyiyah ranting gagaksipat pengajian rutin
selasa 14, 5 2024
130524,  media omitted
130524,  jam 9 pagi
130524,  jadi iki kurang 4 kegiatan
130524,  nak aku usul senam ii piye?
130524,  nguawur
130524,  heran mosok r enek kegiatan ngo bocah bocah e gur ibu2 tok tk usul gae tpq ngo anak2 e ibu2 e
130524, notulensi hasil survei pra gagak sipat
senin, 13 mei 2024
,1. ada 4x dari pengajian rutin pimpinan cabang.
,2. pengajian sbg berikut
,a. pengajian rutin 1 bulan sekali selasa ke 2 untuk warga aisyiyah
,b. pengajian pimpinan 2 bulan sekali sabtu ke 3
,c. tgl 19 mei pengajian cabang dekat sd 3 gagak sipat di masjid krangkungan.
,pengajian di pra gagak sipat yg memungkinkan  terlaksana oleh kita mhs. pkl ada
,1. pengajian pimpinan di hari sabtu 1 kali.
,2. pengajian rutin 3 kali.
,3. pengajian cabang 1 kali di tanggal 19 mei
,1. berdasarkan dari jadwal pengajian tsb. kita kurang 2 kegiatan.
,2. besok sabtu kita diskusikan dgn ibu² pengurus aisyiyah untuk agenda kita yg kurang 2 itu.
,pengurus ada 30 umum sekitar 4050 this message was edited
130524,  pinned a message
130524, changed the group description
130524,  changed the group description
130524, dokumentasi ng desk ya
130524, guys kalian ada ide ga besok tu mau ngajuin apa di pengajian?
130524, dyah anggun ratna n. _ 12
130524, rencana ku itu pas pengajian ditambah kegiatan program yg kita buat. soalnya kalo cmn ikut pengajian dari pra brt ga ada program.
,di spreed sheet itu baru rancangan nya kalo hari nya mau diganti silahkan. pokoknya itu tak ambil pas jadwal pengajian soalnya biar audience nya banyaj
130524, program apa?
130524,  programming
130524, sing bener ae ta lah
130524,  di bagian tgl 18 itu kan ada pengajian dari pra nah abis pengajian kita adain sosialisasi agenda. nanti dijelaskan untuk beberapa waktu yg akan datang kita bakal adain ini ini ini
130524,  sama kayak di tgl 11 juni sama 9 juli
130524,  aku boleh ngide ga?
130524,  menurut mu piyee?
130524,  boleeh
130524, waduhh
130524, kita kan anak infor ya nah aku mikir ibu² tu termasuk orang² yang agak gaptek terus tadi bu sriyati bilang kalo kepengurusan pra tu baru² aja setelah muktamar. kebetulan besokada kegiatan pengajian rutinan ibu² tu kan nah pasti mereka tu agak kurang buat share informasi² mengenai 
130524, gitu juga boleh
130524, bolehh sih mon soalnya agenda yg tak buat di tgl 11 itu juga masih ngasal.
,btw ini mau ditaruh di tgl brp?
130524, lumayan nambah pengetahuan
130524, wokeii
130524, tapi ya ga harus mulai besok juga sih
130524, iya besok baru perkenalkan. kalo mulai kita blm ada bahannya
130524, di taruh pertemuan ke berapa gitu ?
130524, ya udah sambil siap2 bahan adalah hp sama power point sih kalo siap tu. tapi takut e ga ada layar lcd sama proyektor buat presentasinya
130524,  iyohh
130524, enak e di keberapa?
130524, tugas perlap ga sih itu
130524, biasanya free nya kapan?
130524,  bentar ² kita bakal ngadain lomba ga? kalo engga mending di tgl 9 juli
130524, iya tau tp ku gak punya lcd nya
130524, engga lah ibu² mbok suruh lomba apaan
130524, gak usah aja
130524, lebih cepat lebih baik to 6281393687161 ?
130524, sebenernya tu fki ada tapi kalo yg minjem non ormawa ga tau boleh apa engga
130524,  lah yo
130524, anak e sg lomba. kan aissiyah yg penting perempuan kan
130524, ealah
130524, anak2 lomba apa?
130524,  tp td bukannya  ibuknya bilang di tempat pengajiannya itu ada anak muda juga to? this message was edited
130524, mewarnai ae
130524, ada tapi masih kurang tertarik
130524,  menurut ku itu kayak lomba buat kaligrafi lomba cerita islami. trs nanti ada awarding juga biar ada eforia nya kalo ada lomba di akhir kegiatan
130524, oalah ya maka dari itu kan isinya baru pengajian nya doang
130524, hadehh malah ngelawak ae 6281393687161
130524,  kok ngelawak?
130524, lah aku ra ngelawak wei
130524, lah masa lombanya mewarnain 6281393687161 ?
130524,ptt20240513wa0015.opus file attached
130524,  kan anak anak
130524,  nek saran e anggun i ini lo
130524, kalo gak tuh kayak buat kaligrafi arab tuh lho
130524, sebener e lomba yo gpp pas diakhir kegiatan trs urunan berapa gitu per org dikasih hadiah ra ketan buku
130524,  kek e wis capek
130524,  mending leren sek
130524,  owhh
130524,  hemm
130524, nanti kan ada iuran rutinan lin jadi pake itu aja
130524, tinggal berapa minggu nya aja
130524, hooh aku ngantuk
130524, raup sek
130524, leren sek ae rung leren kan
130524, okey no ben anak y seneng ben tdk acara ibuk tok
130524, wis raup aku
130524, aku yo rung leren meh turu sek
130524,  hooh gak papa
130524, iyohh
130524, di gabung. coba liat di link yg tak kirim. jadi pas seminarworkshop itu setelah pengajian tapi kita juga ikut pengajian trs yg lomba juga sama konsepnya.
,tapi kalo hari selasa jam siang kita itu ada matkul rpl kalian pada keberatan engga kalo ganti jam?
kalo keberatan, cari hari lain aja gpp
130524, apa kita buat 2 agenda? yang ibu2 zetelah pengajian dibuatin workshop terus yang anak² di akhir kegiatan dibuat acara itu? tapi cari  hari libur
130524,  ho o gini yo boleh
130524,  itu kan hari selasa cuma 1x ga sih minggu ke 3 tiap bulan?
130524,  berarti workshopseminar 2 kali di tgl 11 juni sama 9 juli? trs yg lomba hari lain gitu mon?
130524, hari libur buat anak anak palingan hari sabtu nek gak hari minggu
130524,  setiap bulan 1x. sek itu tak tulis minggu ke 56 itu minggu pkl kita
130524, itu nanti ditotal kegiatan e jadi berapa ws an?
130524,  kalo workshop 2 kali berarti 8 kali 1 kali 7. tapi kalo workshop mau 2 kali di pengajian cabang ga usah gpp
130524,  ngitungku itu pengajian  workshop itu 2 kali pertemuan tapi di hari yg sama
130524,  piyee gees?
130524,  yang lain bee duwe ide pikiran piye ne
130524,  kita rada mumet sitik ki
130524, aku yo mumi
130524, ca
130524, pokok e kita udh ada agenda
,2. pengajian  sosialisasi kegiatan
,4. pengajian  lomba anak² ciwi cowo this message was edited
130524, 832 pm  ca 62895364907264 besok² fotonya aga bagus an dikit bisa ga? wajahku mau ngeblur
130524, 833 pm  ca cowo juga bisa kali
130524, 855 pm  dyah anggun ratna n. _ 12 assalamualaikum wr.wb
,diberitahukan bahwa besok kita sudah memasuki pkl kemuh day 1 diharuskan temanteman untuk datang tepat waktu.
,pengajian dan perkenalan kelompok
,diharapkan temanteman bisa mengikuti pkl dengan tepat waktu.
130524, jan lupa almamater tetap dibawa buat identitas
130524, this message was deleted
130524, siap bu ketua
130524,  pakai celana boleh g
130524,  besok i pengajian yakali masa mau pake celana
130524,  kalo pake celana dulu trs pas acara pake rok bisa ga zal?
130524,  yaudah pakai dress aja
130524, stk20221121wa0001.webp file attached
130524,  nganggo clemek ae
130524,  clemek ki opo
130524, mosok calon ibu ibu ga mudeng clemek
130524, clemek i opo
130524,  null
130524,  itumah apron
130524,  meh ngopo nggo kui
130524, clemek kui
130524, masak² an ja
130524, mosok koe wong ngawi ra mudeng clemek
130524, namanya apron
130524,  apron bahasa indonesia ne ga sih
130524, oot banget bahasane
130524, gatau aku kalo disekolah dulu emang ngomong e apron
130524, besok perkenalan smua anggota ya kan?
130524,  iya mas
130524, dimana mana itu celemek
130524, google ae ngerti
130524, g ad kegiatan tambahan?
130524, serah
130524,  sementara perkenalan dulu
130524, bar kui muleh
130524, nunggu acarane selesai to yo
130524, you changed the group description
130524, selesaine mari ashar
130524,  sue ne
130524, pengajian ibu2 ki ngopo ae aku rung tau melu
130524,  bahas bapak²
130524, kamu tanya aku tu aku harus tanya siapa wong aku ga pernah ikut
130524, klompok e candra bahas ibu2
130524, jare mau to sama prm e mau dikoordinasikan sama pra ne kita tadi
130524, mana rumah e katanya deketan
130524, ibumu pernah ikut pengajian?
130524, ibuku sering e jadi panitianya
130524, bisa tanya2 lah
130524, tanya² apaan?
130524, cara bernafas
130524,  cara membuka pintu
130524, sedot oksigennya lewat hidung terus hembuskan perlahan lewat lobang hidung
130524, ya seputaran kegiatan ibumu dipengajian gitu
130524, beda² tergantung ustadznya
130524, paling² seputar pelajaran kehidupan berumah tangga dan berkeluarga
130524, ssok ustad e 62881027503020
130524, kon ngaji
130524, hooh
130524, aku ga iso ngaji
130524,  jek iqro 5 aku
130524, ngaji mingguan?
130524, ish ish ish
130524, 3 kul
130524, anakmu sg ngajari sopo le
130524, bojoku sok mben
130524, candra?
130524,  mata loo
130524, ca
130524, halah we gabut to
130524, monyet
130524, pp mu
130524,  kan lucu wkwkkwkk
130524,  njihh renek sg meh ngezoom wajahmu si tp yoan selain awm dw
130524,  bukan gitu jadine foto tadi pas ditaroh di drive ga lamu hd in dulu po? ga cuma aku tapi yang lain ngeblur juga
130524, koiso ngeblur lo
130524, ng hp ku we ora
130524, aku coba liat di drive pake hpku ngeblur semua
130524, ptt20240513wa0019.opus file attached
140524, nanti lewat dpn kampus 4 g?
140524,  lewat
140524, tekan embarkasi
140524, masjid istiqlal
140524, okei siap
140524, pengajian ng kene?
140524, hooh this message was edited
140524, aku langsung rono ae
140524,  iyoo
140524, iya sekalian bisa bantu² aja dulu soal e mulainya jam set2 siang
140524, 2
140524, mangkat jam piro
140524, dino nanti nunggu di kos e anggun bentar ya berangkat bareng
140524, jam 1
140524,  lho lho
140524,  jadi mampir ke kos e anggun
140524,  lah aku yo otw neng gone kost anggun?
140524, iya start dari kos e anggun aja alja tahu ko kos e anggun
140524,tunggu di kampus 4
140524, di luar e
140524, jam 1 to
140524, iya ni anggun di kos ku dulu
140524,  aku gak ke kost
140524, set 1 gees
140524, iyohh
140524, okeke
140524,  1 po set 1
140524, 2
140524, 1
140524, oke
140524, iya siap
140524, udh belom?
140524, udah
140524, aku nunggu di kampus 4 y
140524,iya
140524, dah pada otw blm
140524, sek dijalan
140524, sepine
140524, null
140524, njihh
140524, he ki do nendi to cah
140524, lo sue banget
140524, ptt20240514wa0005.opus file attached
140524, sabar iki lho ws nunggu neng kampus 4 tpi do rg tekann
140524,  null
140524,  dah di kampus 4
140524,  posisi?
140524, sg pengajian i jamber?
140524,  jare set 2 acarane
140524,  la iki mesjid e lo sepii
140524,  location
140524,  indun muhammad
140524,  gaes ini berarti tinggal 4 pertemuan!
140524,  notulensi rapat pkl
,1. minggu 1 selasa14 mei kegiatan pengajian rutin dan perkenalan kelompok pkl. done
,2. minggu ke 23 sabtu 18 mei kegiatan pengajian pimpinan dan sosialisasi agenda kelompok
,3. minggu ke 4minggu 15 mei kegiatan pengajian cabang.
,4. minggu ke 5 rabu 22 mei kegiatan tpa dan cerita nabi
,5. untuk minggu ke 67 ada 2 plan
,1. minggu ke 6 jumat 24 mei kegiatan tpa dan materi cerita nabi
,2. minggu ke 7 rabu 29 mei kegiatan tpa dan quizcerdas cermat bersma
,1. minggu ke 6 rabu 29 mei tpa dan materi cerita nabi
,2. minggu ke 7 jumat 31 mei tpa dan quizcerdas cermat bersma
,1. dibagi beberapa kelompok
,2. setiap kelompok ada 3 orang
,3. ada hadiah untuk juara 123
,4. yang banyak poin menjawab pertanyaan itu yang menang
,1. setiap anggota klmpk pkl iuran setiap pertemuan
,2. pertemuan ada 5 kali
,3. uang iuran blm ditentukan
140524, survei kemarin itu katanya di hitung pertemuan 1 dan 2
140524,  iya to guyss? survei itu masuk ke 7x itu to?
140524,  hoo
160524,  pkl meneh kapan
160524,  .
180524, 62895364907264 tolong dong gdrive e pengaturan e ubah en sek aku ra iso upload
180524,  udh
180524,  guys tadi bu sriyati minta tolong jam 9 lebih buat dateng ke masjid krangkungan kegiatan pengajian pca besok buat nyiapin peralatan besok kayak nyambungin kabel lcd dll. ada yg bisa ga?
180524, media omitted
180524,  drtempat sy keselatan mentok kekiri terus kanan jalan ada tk sebelahnya ada makam belok kanan masjidnya diselatan sdn 3 gagaksipat
180524, mau kesana?
180524, guyss minta tolong responnya...
apa yg bisa atau ga? kalo ada ga bisa jam ini, coba tak tanyain abis pengajian nanti bisa atau ga
180524, cowo² tu kalo bisa kesana bantu² daripada katak kemarin pas pengajian dimintain tolong buat adzan ae susah banget
180524, hahh kmrn lo meh adzan sg biasane adzan ws enek
180524, ya tapi kan bisa agak lebih cepat gerak gitu lo masa mentang² udah ada yang adzan terus yaudah aja gitu?
180524, iyano
180524, ini ada yg bisa masangin kabel lcd tidak ?
180524,  bsk jam 9?
180524, plis lah buat cowo² tolong banget kalian nanti bantuin disana buat masang² kabel lcd dll soal e kalo yang ngerjain cewe² pada ga kuatga bisa masangnya
180524, hari ini o
180524, kan acaranya besok jam 9 pagi
180524, yo kui sg do cerak cerak kon do mkt
180524, ya kamu juga sekalian o
180524, null
180524, kalo nanti sore ada yg bisa ga? kalo bisa tak bilang ibu nya
180524, 62895364907264 62881027503020 6282147205734
180524,  bisa opo
180524,  iki ngko enek pengajian ora
180524, ada jam 13.30 nanti
180524,  kumpul jam piro
180524, bisa bantu² di masjid buat pasang² kabel lcd dll soal e besok jam 9 pagi ada pengajian dari cabanv
180524, kalo buat pengajian nanti kayak kemarin aja jam 1 an jan lelet kek kemarin ya sama kalo buat bantu2 itu kalo bisa sekarang jam 9  nan lebih lah tapi nek ga bisa masih di nego in sama anggun buat sore aja ga tahu boleh pa engga
180524, ya sy bilang bu ketua cabang nanti tak kabari lagi
180524, bilang aja nggun anak² nya masib pada nyambi kerja gitu
180524, dateng jam 9 opo sebelum jam 9
180524, jam 9 lebih
180524,  iya aku bilang gitu
180524, ok
180524, la emang sesok pengajian e jam piro
180524, jam 9 pagi besok tu
180524, lah piye sih pengajiane jam 9 kon bantu ne yo jam 9
180524, stk20240401wa0002.webp file attached
180524, bantu²ne ki jam 9 hari ini nek pengajian e besok gitu
180524, mbuh dino ws dijelasin masih tanya² mulu
180524, nak pengajiane masih besok mending sore ae bantu bantune
180524, lagi tangi ra fokus
180524, 62881027503020
180524, 62881027503020
180524, kan bar kene pengajian sisan to
180524, iya itu tadi anggun dah bikang ke pra kalo bisa nya sore soal e lagi pada nyambi kerja terus pra mau dibilangin ke pca nya bisa apa enggak. nah itu masih ditanyakan nanti dikabarin lagi
180524, mudeng ora sih
180524, stk20240518wa0003.webp file attached
180524, aku izin sek r melu awak ku r enak
180524, yang mau berangkat bareng kumpul di kampus 4 yaa
180524,  jam 1
180524, lokasi masjid e ndi?
180524, di maps ada
180524, iki kan?
180524, iya
180524, link
180524, ca
180524,  wes do otw durung
180524, otw
180524, almamater janlup yaw
180524, null
180524, ao ao ao
180524, ao
180524, ditunggu ditunggu
180524, posisi?
180524, di tempat e
180524,.
180524, okee
180524, tugas pkl besok minggu
,3. membaca alquran bersama
,4. membantu memberikan konsumsi
,minggu 19 mei 2024 datang jam 08.00 wibdilarang telat
180524, pinned a message
180524, lokasine ngd
180524, share loc dong
180524, location
180524, besok bawa al quran ya guys jan pake hp soal e nek disawang kayak ga sopan
180524, yoooo
180524, iyo siap
180524, nggih
180524,  this message was deleted
180524, fathurrobbany
180524, dekdok ga ada yang niat mau buatin jj tiktok o ben iso tak buat sw?
180524, tak hapus capcut ku memorine entek mon
190524,  pcc
190524, dang rene tur
190524, posisi di masjid yang kemarin
190524, ayo ayo terutama operator e ki dang rene
190524,  ao ao
190524,  location
190524, otw 5mnt
190524, temen² sing di dalam kalo misal disuruh baca al quran baca ya ini yang di luar lagi bagiin jajan sek
190524, cowo² butuh jajan ga?
190524, nek iya habis baca al quran dilung in
210524, temen² izin menginformasikan mulai besok temen² dari prm gagaksipat mau ikut gabung ke kelompok nya kita soal e di prm ga ada kegiatan badan amal yang bisa dikerjakan.
210524, udah diizinkan sama pra juga ko
210524, okee
210524, katanya gimana
210524,  boleh
210524, silahkan
210524, oh ya besok i pas cerita² islami mau di pakein ppt ga? atau cerita aja?
210524, dadi sesok tpa ne bareng karo gone candra
210524, cerita ae nak karo ppt emang enek proyektor e
210524, iyo
210524, perlap suruh nyari lah
210524, atau ga film² basis islami gitu
210524, nyari ngd anjay
210524, ga asik soal e nek di ceritain doang
210524, penyewaan ada ga?
210524, ndak tau
210524, klompok e candra ikut sini?
210524,  iya
210524, izin boleh invite candra ga biar gampang komunikasi ne?
210524, lha wis bilang bu yeti?
210524, sampun
210524,  yowis
210524, sebelum tanya pra udah tanya bu yeti dulu tadi sebelum pak eko
210524, yo invite wae rpp
210524,you added alfian candra
210524, cah. sorry ganggu. aku ngijinke kelompokku prm. wekku kebagian prm ga ono kegiatan blas  ga ono aum e. ogak masalah program e tapi masalah e waktu jamaah e ra enek. aku wes izin bu yeti meh join pra mu. sesok wes iso melu mulai tpa. aku mbi kelompokku minta  kerjasama ne
210524, tpa ra ono. sekolah ra ono. pengajian sebulan pisan diundur² terus. jamaah e minoritas. kurang antusias.
210524, nggih
210524, nggih
210524,  stk20231117wa0001.webp file attached
210524,  sek ini besok buat tpa  cerita nabiislami itu pake proyektor ga? kalo mau pake bisa barengan aja tim perlap sama kelompok e candra buat nyari tu perlengkapan e
210524,  soal e kan kita anak infor ya menurutku terlalu b aja kalo cuma cerita² gitu. mending o di puter in film nanti disuruh ambil pesan yang disampaikan ngunu
210524, hoo film nabi ae.
210524, lha wingi sik mbug nggo kae proyektor ngndi
210524, beda masjid
210524,film anime ae
210524, pinjem masjid sana boleh kah
210524, stk20240214wa0008.webp file attached
210524, kalo ada gpp takut e nek ga ada proyektorlcd nya
210524, enek cok the journey kisahe tentang burung ababil
210524, tak kasih nomer e. biar perkap ngehubungi buat minjem
210524, nmr tamir mesjid?
210524, animasi cok jnnge ora anime
210524, kayak e istrine bapak bapak sg ngurus masjid
210524, bu munza itu to?
210524, iyoo
210524, bukan e besa masjid e? soal e kita ke mesjid baitussalam sedangkan itu masjid hindun
210524, anime blok gaean jepang makane explore anime ben mundeng ora kok jav ae
210524, si paling wibu
210524, stk20231230wa0003.webp file attached
210524, suhu ne jav yo ngno wi og
210524, bocah bocah kan senengane seng corek corek ngunu di setel ne kui genah seneng
210524, koe wi suhu ne jav
210524, link e share en kene
210524, serah wes
210524, nek sik minjem aku sik lagi sesok meh join po dipercoyo.
210524, media omitted
210524, ora
210524, la yo
210524, kan minjem trs diambil
210524, minjem e bareng² wae
210524, takut e ga boleh
210524, bareng aljadinofathur sing ws bestian
210524, ngono yo iso
210524, yo jare.
210524, tapi pora di chat sek apik e
210524, iya tapi aku takut e ga boleh dipinjam lo takut kenapa². mumpung masih siang juga kan sambil nyari² buat pinjamsewa proyektor gitu lo. jan ngandel in 1 tok
210524, ki kelompokku tak masukke grub sekalian opo aku tok
210524, changed the group description
210524,  changed the group description
210524, changed the group description
210524, 1 tok ae perwakilan
210524, apa si 6282147205734 ko tiba² ganti ga bisa ga bisa
210524, you changed the group description
210524, changed the group description
210524, di akhir nanti aku sama anggun butuh ttd mu lo ja alja
210524, hah?
210524, alja
210524, stk20231124wa0040.webp file attached
210524, 6281393687161 minta nmr e nggun
210524, ttd ketua kelompok
210524, alja
210524, candra mau ngajukan jadi ketua
210524, dia beda kelompok
210524,  ga bisa
210524, sekip
210524, changed the group description
210524, stk20240423wa0004.webp file attached
210524, kami berencana meminjam untuk digunakan sebentar di masjid baitulsalam bu.
210524, klau mau di bawa ke sana gak tau mas boleh gak nya saya kra di masjid sini
210524, mas maaf ini tak bilangin gak bsa klau di sana pinjem saja di masjid baiturrahman ada
210524, cbo tanya takmire baitussalam klau ada mas
210524, ada no nya ga 6281393687161?
210524, biasanya di masjid2 nya jga sdh punya sendiri
210524, nek diliat dari dokumentasi kemarin tu ga ada proyektor nya
210524, tapi nek lcd ga tahu
210524, ga ada
210524, null
210524, beda masjid mas
210524, nanti kita tu tpa nya di masjid baitussalam bukan masjid hindun
210524, nng hindun lagi pertama sesok?
210524, gini ae aku tadi o coba liat di google ada buat sewa lcd proyektor tarif e tergantung perjam. temoat e deket kos e naira
210524, udah kemarin minggu buat acara milad aisyiyah
210524, sejam piro
210524, minimal 6jam
210524, stk20231202wa0023.webp file attached
210524, cuma start 70k 6 jam tergantung lcd nga
210524,  jare nyilih kampus oleh i po iyo
210524, susah beb
210524,butuh surat tembusan nek ngunu i
210524, point multirent  sewa proyektor dan rental screen projector solo surakarta
210524, your security code with tyar berliana changed. tap to learn more.
210524, coba di chat
210524, maaf sementara ini libur kak baru sakit
210524,  yws besok live action wae
210524, km ya yg action
210524,  stk20240511wa0003.webp file attached
210524,  cut
210524,  apane seng prei
210524, toko ne
210524, lah kan bisa diambil sendiri?
210524, wonge loro ngno ngomonge og.
210524,  yg punya toko kayak e ga ada pegawai ne
210524,  kayak e
210524, ra gelem disewo yake
210524, enek duwit o emoh
210524, added dizzo violeta and nirot
210524, yws dituku wae can
210524, stk20230110wa0148.webp file attached
210524, seng po sewo mesti bakul e og ora barange
210524,  lolololo
210524, apa ini?
210524, mbahas proyek   tor
210524, changed this groups icon
210524, deleted this groups icon
210524,  wes bener mau og kopyahan
210524,  changed this groups icon
210524, nolak rezeki
210524, deleted this groups icon
210524,  changed this groups icon
210524, added angga prasetyo
210524, changed this groups icon
210524, deleted this groups icon
210524, changed this groups icon
210524, deleted this groups icon
210524,  changed this groups icon
210524, changed this groups icon
210524, changed this groups icon
210524, changed this groups icon
210524, deleted this groups icon
210524, changed this groups icon
210524, kalian tu numpang gabung tapi malah riweh in grub e orang² pada napa sih?
210524,  alja mbi dino i lo. kampret
210524, changed this groups icon
210524, changed this groups icon
210524, stk20230903wa0110.webp file attached
210524,  wes wes
210524, null
210524, jadiin aku admin sek dino
210524, youre now an admin
210524,  wes
210524, ok
210524, changed the settings so only admins can edit the group settings
210524,  changed the group description
210524, aldino dewa ndaru
210524, boleh
210524,  1 apa 2
210524, butuh 1 ae tapi agak lama dikit
210524, aldino dewa ndaru
210524, you turned on admin approval to join this group. tap to change.
210524, you changed the settings so all members can edit the group settings
220524,you changed this groups settings to allow only admins to send messages to this group
220524, you changed this groups settings to allow all members to send messages to this group
220524, cowo² usahain hari ini sewapinjem lcd ne ya
220524, usaha dulu kalo misal emang bener² ga ada ya ws nanti ga usah pake film² nabi
220524, dizzo violeta
220524, ini bukannya kamera ya?
220524, media omitted
220524, oala
220524,  nb  untuk kelompok pra nanti iuran pertemuan seperti biasanya ya kalo masih ada kelewatan hari belom bayar sialhkan nanti di rangkap  5k
,dan buat temen² kelompok prm silahkan tentukan sendiri dari kelompok kalian mau iuran berapa  nya
220524, 939 am  ca iuran digunakan untuk
,1. beli hadiah quiz dan printilannya
,2. sewa lcdproyektor kalo jadi
,3. sisakan sedikit buat print laporan di akhir
220524,  lcd wes dapet. soko rehal. free
220524, ok bilangin makasih ke rehal
220524, tapi barange drung tak cekel. ngko diterke rene
220524, yo gampang penting asa dulu
220524, makasih rehal
220524, wonge ra enek
220524,  teruskan
220524, 2024 udah canggih ada wa bisakan diteruskan chatnya
220524, emang eak
220524, stk20240206wa0005.webp file attached
220524, stk20240106wa0010.webp file attached
220524, berani nya cuma di grub doang kalo asli ga berani kan
220524, wani ne neng grup tok gek adu stiker meneh
220524, innaallaha maashobirin this message was edited
220524, salah ga sih?
220524, wahhh parah salah salah
220524,  typo kampret
220524, tangi mas tangii 6289696171863
220524,  auto correct
220524, durhaka sama yang tua sih
220524, fokus mas fokus 6289696171863
220524, hayolooo 6289696171863
220524, ngapa di tarik pesan
220524, stk20240514wa0016.webp file attached
220524, kebiasaan dah
220524, jan nyampah ga jelas ya di grub pkl kalo mau bercandaan di grub sebelah aja 6289696171863
220524, opo wes takok tamir mon
220524,  apik lo pdhl
220524, nanti aku sama anggun nembusin kesana soal e ga punya no nya
220524,  diwei semangat og
220524, apik opo ne?
220524, makasih
220524, ga sesuai konteks ada temen² yang lain takut e mereka risih
220524, kalo kita kan emang sering bercandaan e kayak orang baru masuk rumah sakit jiwa
220524, stk20230830wa0046.webp file attached
220524, lha meh rono kapan
220524,  juli
220524, kapan² kalo mamah ga marah
220524, stk20240106wa0010.webp file attached
220524, tahun baru
220524,stk20240522wa0006.webp file attached
220524, stk20240517wa0000.webp file attached
220524, stk20240329wa0005.webp file attached
220524, yowes. ditunggu kabare
220524,stk20240417wa0005.webp file attached
220524, nek gamau?
220524, sehat kok
220524, stk20240321wa0001.webp file attached
220524, stk20240522wa0007.webp file attached
220524,  stk20231206wa0025.webp file attached
220524, stk20240512wa0001.webp file attached
220524, stk20231007wa0015.webp file attached
220524,  stk20231221wa0023.webp file attached
220524, stk20240320wa0038.webp file attached
220524, stk20231115wa0007.webp file attached
220524, 6289696171863 dekdok kelompokmu siapa?
220524, aku yake
220524, nirot wkkwkw
220524, stk20231205wa0008.webp file attached
220524, moso
220524, ooooh dikelompokmu kalo ketua i tugas e ngefoto t?
220524, ketuane rehal. aku dekdok 1
220524, ketua ne candra
220524,  oooo ketua dekdok?
220524, owhh
220524, stk20240309wa0015.webp file attached
220524, stk20240522wa0008.webp file attached
220524, stk20231117wa0030.webp file attached
220524, dekdok 2 sopo?
220524, stk20240522wa0009.webp file attached
220524,  angga
220524, jare angga konsum
220524, la struktur kelompok e kalian gimana o kok dadak tanya² i
220524, yo gpp mosok tanya gak boleh
220524,  bole bole bole
220524,  50
220524,  ketua  rehal
,perkap  apri fikri cewek 3
220524, masok to
220524, kasian banget cewe jadi perkap
220524, wekmu kan yo podo
220524, soal e banyak cewenya
220524, oo... cocok kwi... bagian mangan kan
220524,  masak
220524, asw gah rsdi
220524, ora mung mangan tok masak to yo
220524, lah. piye to.
220524, beban weh cuma 1 doang sekretaris e
220524, ngko diewangi
220524, nirot gah
220524,  stk20231207wa0028.webp file attached
220524, dekdokmu bantuin dekdok kelompokku ya si 62895364907264 soal e rosida nanti ga ikut
220524, ngoke
220524,  tak kasih saran yooo. mending sekretaris e 2
220524, moto moto tok to
220524,  stk20240522wa0010.webp file attached
220524, ada video ne tapi sebutuh e aja
220524, po kudu per kelompok. lak ora to
220524,  butuh e ae lah
220524, stk20230922wa0005.webp file attached
220524, haha
220524, lha njaluk sopo ndang asisten e
220524, sama cewe bee semangat
220524, sekretaris 4 yo rpp og
220524, koe dizzo angga apri fikri
220524, moh gak dulu skip
220524, yang bener
220524, loh mayan lo nirot ayu² kelompokmu cewe² e masa dianggurin
220524, nek omong i
220524, kasian lho dia anggurin trs cewek nya
220524,  kesempatan ga datang 2 kali. tapi kadang kadang 3
220524, cocok
220524,  kelazzz
220524, wes pengalaman o ?
220524, sepuh
220524, stk20231230wa0010.webp file attached
220524, kok diamm
220524, pengen tak bales dasar ruh manusia tapi kok kayak e ga sopan
220524, stk20240522wa0011.webp file attached
220524,weh
220524,  dekdok aku wae
220524,  aku seng gae vidio ngko
220524,  sama sekalian tak bikin desain
220524, butuh akun ig juga ga buat live report ?
220524,  yowes.
220524, kelompok ku ga pake ig soal e malu katanya
220524, tapi aku pen dibikinin jj boleh ga zo? buat snap sih
220524,  aku pengen dibuatin film animasi kaya upin ipin boleh ga zo?
220524,  gae dewee
220524, nek iki lebih ke gak tau diri sih
220524, tapi o aku mau nya dibuatin
220524,  sekali² keknya gpp
220524, rodo .....
220524,  nanti pakai rok lagi?
220524, ga harus penting jangan ketat
220524,  iya
220524, amannya pake kulot
220524, template cc okeh
220524, tolong siap² sek ya
220524,  siap siap pie ki
220524, acc guys tolong proyektor e disiapkan
220524, 6289696171863 meh njipuk neng di?
220524, tpa habis ashar ayo dang siap² otw
220524, null
220524, nah gitu kan manis
220524, stk20230110wa0148.webp file attached
220524, po meh nng kampus
220524, rasah salting
220524, stk20240421wa0004.webp file attached
220524,  info link masjid e rek
220524, location
220524,  null
220524, yup
220524, solat ashar disini nek bisa
220524,  you deleted this message
220524,  null
220524,  this message was deleted
220524, butuh surat oengantar ae guys
220524, suwen nulis
220524, stk20240330wa0003.webp file attached
220524, udah tak izin ke sing anak pra terus yang kelompok prm kalian izin sendiri yaw
220524,  yaw
220524, lah. pilih kasih woe this message was edited
220524, salah e kon ngirim ra dang ngirim surat pengantar e
220524, kita beda spesies
220524,  lha mbug pas 10 nok e.
220524,  stk20231117wa0030.webp file attached
220524, stk20240310wa0001.webp file attached
220524, kelompok pra dah di acc izin nya sama mbak aslab
220524, guysss ayooo geees
220524, guyss ayooo ndang otw
220524,  dah ditunggu adek adek i lho
220524,  ayoooooo wehhhh
220524, keburu mole arek² e
220524, ustadz dan ustadzah ayooo segera yaa
220524, yuk
220524, nggo laptop e sopo
220524, sik gelem hotspot i
220524, terserah
220524, aku bawa laptop tapi ga mau hotspot i
220524,  yowes gowo wekmu ae
220524, paketanku tinggal titik nanti abis kalian ga mau ganti
220524, anggun akeh
220524, aku cuma 1
220524, 1 untuk semuaaa
220524, semuaaa untuk 1
220524,  lololo
220524,  sctv ga si
220524, 6289696171863 can adek mu kok ga diajak
220524,  ndang gess
220524, lali ndek awan meh share lok
220524, iki wes tak kirim
220524,  udh bener to titik e ?
220524, iki zoo
220524,  cah apri pen enek eval abis ini i
220524,  cah
220524,  iki aku meh tuku hadiah panganan
220524,  enak e tuku piro
220524, dinggo seng gelem maju tok wae tapi
220524,  null
220524, makasi ya guys hari ini  maaf tadi aku pas ngomong ga sengaja kelepasan ngegas
220524, parah parah
220524,  takpe takpe
220524,  sakit hati lo si apri
220524,acara besar pra prm
,1. lomba gabungan tpa di gagak sipat.
,cerdas cermat islami baca al quran.
,piala juara 123 dan hadiah snack.
,4. butuh duit banyak
,kajian pra rutin 1 bulan di hari selasa 11 juni 2024. tempat menyusul
,note besok jumat kelompok pra tidak ada pkl. pertemuan ke 7 diganti di acara besar
220524, stk20221021wa0015.webp file attached
220524, you pinned a message
220524,  stk20231121wa0004.webp file attached
220524, stk20240522wa0061.webp file attached
220524, buat prm yang hari jumat pkl silahkan lanjut berdiakusi kalo masih kurang jelas di grubnya sendiri ya disini buat kalo acara gabung aja sekian terima gaji
220524, dyah anggun ratna n. _ 12
220524, bacut nyaman i piye
220524, alah grup to
220524, nyaman sama yang lama apa yang baru?
220524, kalau bisa dua kenapa harus satu
220524, bagi² lah jan serakah
220524, tapi kadang 3 atau 6 juga gapapa sih
220524, 10 juga gpp lek kuat
220524, josjisjus
220524, 10 i berarti 5 buku tulis 2 pensil 3 penghapus
220524, stk20240322wa0001.webp file attached
220524, stk20240104wa0021.webp file attached
220524, stk20231207wa0028.webp file attached
230524, heh ws tak izin ke kemarin ya allah
230524, gpp wes kadong
230524, kecuali prm aku ga izin ke soal e tanggung kelompok e dewe²
230524, ok
230524,mlz mlz
270524, inpo inpo kemarin pkl terakhir siapa yang bawa absensi minggu 5 dan 6 kelompok pra?
270524, guys mau tanya dong ada yg tau absensi pkl kemarin terakhir yg siapa ? ada yg tau gak? ini aku di tanyaiin sama 6281393687161
270524,  6289696171863 absensi kelompokku ndi
270524, stk20231114wa0025.webp file attached
270524, tersangka ne koe og
270524,cangkemmu
270524, hayoloooooooooooooooooooooooooooooooooooo
270524, stk20240527wa0002.webp file attached
270524,  stk20231121wa0004.webp file attached
270524, stk20240315wa0027.webp file attached
270524, stk20231024wa0014.webp file attached
270524, oh ya temen² membahas yang kemarin mau buat acara lomba anak² tpa ini mau buat acara tanggal berapa dan dilaksanakan dimana  lombanya apa aja secara spesifik dan ada berapa kategori soalnya biar punya banyak waktu juga buat nyiapin dana soalnya katanya butuh dana gede 
270524, meh dikei piala piala ngono pora?
270524, nak dikek ii piala lombane seng berkelas
270524, hemm
270524, moco quran po opo
270524,jare apeh koyok quiz ngono 6282234423727 ?
270524, nek kemarin pas bahas² tu katanya mau iya ada tapi ga tahu kelanjutan e piye
270524, kasih aja gpp seng plastik plastik wae gen murah
270524, yo kyok ngono yo gak popo
270524, mau gabungan beberapa tpa sih rencana jadi ga munkin kalo quiz tok soal e anak² e banyak dibawah usia pra sekolah jadin butuh anggota banyak
270524, yang kuning² tu lo berapaan sih?
270524, oalah okeii
270524, lomba adzan
270524, ojo lomba azan rot
270524, ben iso di ikuti wedok juga
270524, lomba mewarnai kaligrafi
270524, lomba tilawatil quran
270524, pora jek iqro kabeh
270524, mbuh
270524, lahh
270524, la kan aku lagi pisan tok tpa e
270524, ada yang udah al quran ko tapi cuma beberapa aja
270524, berarti seng lain ga iso mengikuti nak ngunu
270524, la po setiap orang kudu kebeh melu lomba ne? this message was edited
270524, cari waktu kosong aja buat kumpul bahas ini ya nek bahas disini pada ga mau keluar goa o
270524,trus piye mosok lombane dipisah seng iso quran karo seng ga iso
270524, sabtuminggu gitu lo
270524,diwakili pak ketua aku
270524, kalo bisa kumpul semua biar tahu ga banyak tanya
280524, null
280524, ng luwes o
280524, hoo
280524,  nng dapur menco po piye rot
280524, pen melu
280524, stk20240528wa0013.webp file attached
280524, kemis meh mbug wei opo rot. tek meneng meneng i piye nng grub.
280524,  stk20240322wa0001.webp file attached
280524, yo bahas neng sebelah wae
280524, stk20230110wa0181.webp file attached
280524, ndek ingi kan wes menonton kisah nabi sesok ngko menonton kisah jepang
280524, lololo
280524, seneng ku kisah anak ibu dari us bos
310524, null
310524,stk20240315wa0027.webp file attached
310524, genah kui senyum nok
310524, emang eakkk
060624,you removed alfian candra
060624, you removed angga prasetyo
060624, you removed dizzo violeta
060624, you removed nirot
060624,temen² aku mau ngasih info ke kalian tolong responnya ya.
ini kan besok selasa kita terakhir pkl ya aku rencana kepingin ada kenang² an buat pra kalo kita pernah pkl disana vendel sire lah sama kayak kelompok sebelah tapi mungkin bahan e beda, kalian mau ga?
060624, tolong responnya ya biar aku juga cepet ambil keputusan
060624,iyo
060624, ok ini aku harga ne masih kurang tahu berapa pastinya besok masih tak coba chat ke tokonya ya makasih responnya
060624, wokeiii
060624,oh ya 6282228293243 katanya kelompok e kita masih ada hutang ke angga 25k buat ganti jajan yang pkl sebelumnya
060624, terakhir kapan to
060624, kita pkl day terakhir selasa besok
060624, sesok iki
060624, sama 6282134657795 62895364907264  besok selasa kalo bisa foto langsung di up di drive ya mau langsung tak cetak biar bisa di stample sama pra ya meskipun enggak juga gpp si sebenernya
060624,  iya dino
060624,  okok
060624, yaa siap
070624, guyss vandelnya udah dipesen 140 itu udh sama boxnya diprint pake uv vandelnya akrilik bahannya sama nanti mau bawa parcel buah itu harganya 150k an nah nanti iurannya kalo buat vendel parcel per 30k tapi nunggu apakah ada sisa dari iurannya yang bayar angga buat jajan yang kmrn
070624,okay
070624, hari selasa tolong siapin uangnya yg pas yah ini sementara di talangin dulu
070624,  1. monica 5k
070624, iku uang sng tak bawa
070624,  jadi kalo di total semua pertemuan kurang berapa nad?
070624, kan awale adw iruran 10k per pertemuan
070624, lha iki total e 6 atau 7 pertemuan?
070624, 7 sudah termasuk survey
070624,  tapi nk 7 pertemuan dikali 10k kan 70k lha 70k dikali 10 anak 700 loo
070624,  opo ga kakehan?
070624,  5k ajapertemuan
070624, jadi total iuran 350k kan cukup kok buat beli vendel  parcel  sisanya buat print dan jilid
070624,  okey
070624,  reminder
080624,guys buat ganti uang e angga itu udah diganti alja 15k aku 5k sama anggun 5k. jadi ga perlu nanti ganti ke angga
080624, oalah okei deh
080624, jadi nanti orang kan 35k aku anggun sama alja dikorting ya jadi tinggal bayar sisanya buat genap 35k
080624, okeei
090624, info
,13.30 udh mulai pengajian
,masjid belakang kantor kepala desa gagak sipat
100624, your security code with alja changed. tap to learn more.
110624,  img20240611wa0000.jpg file attached
,parcel nya udh ya total nya rp.150.000
110624, okee makasii nai
110624, makasih nya jgn ke aku doang weh supirre gak km ucapin terimakasih kah?
110624,  yoo terimakasih semuaa
110624,  stk20240604wa0005.webp file attached
110624, iya
110624, stk20240208wa0007.webp file attached
110624, nanti kamu sama naira bawa parcel e
110624, stk20240330wa0003.webp file attached
110624, img20240611wa0001.jpg file attached
110624, oke
110624, wihh keren makasiih
110624, stk20240603wa0004.webp file attached
110624, siap2 otw jam 1
110624, iyaa
110624, share lok
110624, belakang balai desa
110624,  location
110624,  lali panggone
140624, guys jadinya iuran e kapan ini?
140624, la kapan
140624,  coba tanya nadia
140624, ngko awan yo kenek bar jam e pak husni
140624, boleh
140624,  klau tf bisa g
140624,  iuran e 30k yaa
140624, iya siap
140624, aku kan kemarin udah 5k kan terus bayar ke angga 5k juga sama vendel 140k sama parcel e aku nambahi 50k. jadine potongan e aku berapa?
140624, aku juga parcel nya nambahi 100k sama kemarin aku 10k jdnya nya aku potongan e brp?
140624, uang e balik ke kamu 170
140624, ca ok
140624, 80k
140624,  ok
140624, km pake bank apa ?
140624, bni
140624, km pake bank apa?
140624, bni
140624, siapa yang bri?
140624, seng balik ng aku ogak enek to
140624,  null
140624,  stk20240614wa0000.webp file attached
140624, enk seng bank e bri raa?
140624, aku tambah 10k to?
140624,  yoo
140624, lahh opo njir kok reply aku
140624,  salah kirim
140624,  stk20240103wa0017.webp file attached
140624,  iki balik 175 mon
140624, ca iya
140624,  iki uang iuran e kurang loo
140624, tambahi nad
140624,  ketuane no nambahi
140624, jarene gelem wonge nak po kek ii pap
140624, alah padune koe sing pengen
140624,  ora anjir
140624, alja seng gelem
140624,  y kan 1 foto sejuta
140624,  stk20230110wa0192.webp file attached
140624,  teke
230624,  laporane piye?
230624, udah setengah jalan
230624,  tinggal dikit² sabar
230624, sudah
230624,  tak kirim nanti malem yaaa
,lagi ga pegang laptop aku
230624,  iyohhh
230624, eh bentar mo tanya sekalian yang di website pklpp diisi gak?
230624, di isi apa to?
230624, itu per orang apa per kelompok?
230624,  ya kayak agenda kegiatan e apa aja
230624, semua kayak e
230624, laporan e nanti tu dijilid atau dikirim pdf? dimana?
230624,  di jilid
230624, eh tak tau deng
230624, la emang leh ngumpulne ngd
230624, ohh yo 6282147205734 iki kan pj ne
230624, assalamualaikum
,utk pengumpulan laporan akhir kuliah praktek lapangan paling lambat dikumpulkan pekan depan ya hari ahad depan tgl 30 juni jam 12.00 malam
230624, la itu tulisan e cuma gitu tok ga ada keterangan dimana e
230624,langgeh
230624, 6282147205734 tanya ne ja
230624, blm dijawab
230624, img20240623wa0002.jpg file attached
230624, sistem?
230624, sistem apa? web pklpp itu kah? atau gform?
230624, ya
230624, sek semua? apa salah satu? yang agenda kegiatan e itu sekalian diisi apa enggak?
230624, web
230624, itu web e yang bagian mana?
230624, laporan pkl kemuh.pdf file attached
230624,  itu kegiatan 3 dan 5 ga dimasukin sekalian?
230624, ke 3 5 i yg mana?
230624, yang ketiga pas jadi panitia sama tang ke 5 tu yang penutupan
230624, survey
230624, oh itu kegiatan e udh tak jelaskan di bagian hasil rapat pimpinan i. tapi ga tak buat subbab sendiri soal e aku nurut di pedoman
230624,  ya udah gpp tapi foto² nya masukin aja
230624, okee
230624,  gae tambah²
230624, ada lagi ga?
230624,  sama tanggal di kata pengantar disesuaikan hari ini aja
230624, oke oke
240624, ini kayane anggotane kurang 1 bagian cover e this message was edited
240624, siapa da?
240624, ketuane
240624, nim e berapa da?
240624, 177
240624,  oke oke this message was edited
240624, media omitted
,karo nomer e iki rada dispace ga sih ben ra tumpuk²
240624, dah itu tok
240624, makasii gess
240624, stk20240201wa0005.webp file attached
240624,  media omitted
240624, ada 2 deng
240624, stk20240401wa0001.webp file attached
260624, this message was deleted
270624, guys laporan udah tak taruh di drive ya
270624, tanya pak ketua sekaligus pj
270624, 6282147205734 tadi bu yeti udah kita tanyai kan nah itu dikirim nya bentuk link gitu. ini dikirim perwakilan aja atau semua?
050924, your security code with alja changed. tap to learn more.
110924, your security code with aldino dewa ndaru changed. tap to learn more.
180924, your security code with alja changed. tap to learn more.
081124, your security code with aldino dewa ndaru changed. tap to learn more.
091124,  your security code with   changed. tap to learn more.
101124, your security code with   changed. tap to learn more.
